group,phenotype
Morphology,madin_categorical_gram_stain
RespirationMetabolism,madin_categorical_metabolism
Morphology,madin_categorical_motility_binary
Morphology,madin_categorical_motility_type
Morphology,madin_categorical_sporulation
GrowthConditions,madin_categorical_range_tmp
GrowthConditions,madin_categorical_range_salinity
Morphology,madin_categorical_cell_shape
GrowthConditions,madin_categorical_isolation_source
Morphology,madin_quantitative_d1_lo
Morphology,madin_quantitative_d1_up
Morphology,madin_quantitative_d2_lo
Morphology,madin_quantitative_d2_up
GrowthConditions,madin_quantitative_optimum_tmp
GrowthConditions,madin_quantitative_optimum_ph
GrowthConditions,madin_quantitative_growth_tmp
CarbonUtilization,madin_carbsubs_cellobiose
CarbonUtilization,madin_carbsubs_fructose
CarbonUtilization,madin_carbsubs_galactose
CarbonUtilization,madin_carbsubs_glucose
CarbonUtilization,madin_carbsubs_glycerol
CarbonUtilization,madin_carbsubs_lactose
CarbonUtilization,madin_carbsubs_maltose
CarbonUtilization,madin_carbsubs_mannose
CarbonUtilization,madin_carbsubs_N-acetylgulcosamine
CarbonUtilization,madin_carbsubs_ribose
CarbonUtilization,madin_carbsubs_salicin
CarbonUtilization,madin_carbsubs_trehalose
CarbonUtilization,madin_carbsubs_2-ketogluconate
CarbonUtilization,madin_carbsubs_5-ketogluconate
CarbonUtilization,madin_carbsubs_arabinose
CarbonUtilization,madin_carbsubs_ethanol
CarbonUtilization,madin_carbsubs_mannitol
CarbonUtilization,madin_carbsubs_melibiose
CarbonUtilization,madin_carbsubs_raffinose
CarbonUtilization,madin_carbsubs_rhamnose
CarbonUtilization,madin_carbsubs_sorbitol
CarbonUtilization,madin_carbsubs_sucrose
CarbonUtilization,madin_carbsubs_xylose
CarbonUtilization,madin_carbsubs_adonitol
CarbonUtilization,madin_carbsubs_alanine
CarbonUtilization,madin_carbsubs_arabitol
CarbonUtilization,madin_carbsubs_arginine
CarbonUtilization,madin_carbsubs_citrate
CarbonUtilization,madin_carbsubs_dextrin
CarbonUtilization,madin_carbsubs_fucose
CarbonUtilization,madin_carbsubs_gelatin
CarbonUtilization,madin_carbsubs_histidine
CarbonUtilization,madin_carbsubs_lactate
CarbonUtilization,madin_carbsubs_myo-inositol
CarbonUtilization,madin_carbsubs_ornithine
CarbonUtilization,madin_carbsubs_proline
CarbonUtilization,madin_carbsubs_serine
CarbonUtilization,madin_carbsubs_succinate
CarbonUtilization,madin_carbsubs_Tween 20
CarbonUtilization,madin_carbsubs_Tween 80
CarbonUtilization,madin_carbsubs_xylitol
CarbonUtilization,madin_carbsubs_gluconic acid
CarbonUtilization,madin_carbsubs_acetate
CarbonUtilization,madin_carbsubs_aspartate
CarbonUtilization,madin_carbsubs_glutamate
CarbonUtilization,madin_carbsubs_malate
CarbonUtilization,madin_carbsubs_propionate
CarbonUtilization,madin_carbsubs_putrescine
CarbonUtilization,madin_carbsubs_pyruvate
CarbonUtilization,madin_carbsubs_asparagine
CarbonUtilization,madin_carbsubs_inosine
CarbonUtilization,madin_carbsubs_methyl pyruvate
CarbonUtilization,madin_carbsubs_thymidine
CarbonUtilization,madin_carbsubs_Tween 40
CarbonUtilization,madin_carbsubs_uridine
CarbonUtilization,madin_carbsubs_3-hydroxybutyrate
CarbonUtilization,madin_carbsubs_valerate
CarbonUtilization,madin_carbsubs_glucosamine
CarbonUtilization,madin_carbsubs_urea
CarbonUtilization,madin_carbsubs_methyl beta-D-glucoside
CarbonUtilization,madin_carbsubs_malonate
CarbonUtilization,madin_carbsubs_galacturonic acid
CarbonUtilization,madin_carbsubs_adipate
CarbonUtilization,madin_carbsubs_pyruvic acid methyl ester
CarbonUtilization,madin_carbsubs_alpha-cyclodextrin
CarbonUtilization,madin_carbsubs_glycogen
CarbonUtilization,madin_carbsubs_leucine
CarbonUtilization,madin_carbsubs_threonine
CarbonUtilization,madin_carbsubs_phenylalanine
CarbonUtilization,madin_carbsubs_formic acid
CarbonUtilization,madin_carbsubs_phenylacetate
CarbonUtilization,madin_carbsubs_glycine
CarbonUtilization,madin_carbsubs_Tween 60
CarbonUtilization,madin_carbsubs_alaninamide
CarbonUtilization,madin_carbsubs_quinic acid
CarbonUtilization,madin_carbsubs_alpha-ketovaleric acid
CarbonUtilization,madin_carbsubs_glucuronamide
CarbonUtilization,madin_carbsubs_caprate
CarbonUtilization,gideon_Adonitol
CarbonUtilization,gideon_Salicin
RespirationMetabolism,gideon_Catalase
BiochemicalActivity,gideon_Gelatin hydrolysis
Morphology,gideon_Coccus
Morphology,gideon_Motile
Morphology,gideon_Coccus - pairs or chains predominate
CarbonUtilization,gideon_Maltose
GrowthConditions,gideon_Growth on ordinary blood agar
CarbonUtilization,gideon_Melibiose
Morphology,gideon_Spore formation
Morphology,gideon_Yellow pigment
RespirationMetabolism,gideon_Nitrate to nitrite
Morphology,gideon_Gram positive
RespirationMetabolism,gideon_Anaerobe
RespirationMetabolism,gideon_Glucose oxidizer
Morphology,gideon_Gram negative
CarbonUtilization,gideon_L-Arabinose
RespirationMetabolism,gideon_Gas from glucose
CarbonUtilization,gideon_Lactose
CarbonUtilization,gideon_Raffinose
CarbonUtilization,gideon_L-Rhamnose
Morphology,gideon_Bacillus or coccobacillus
BiochemicalActivity,gideon_Indole
CarbonUtilization,gideon_D-Xylose
GrowthConditions,gideon_Growth on MacConkey agar
CarbonUtilization,gideon_Citrate
BiochemicalActivity,gideon_Urea hydrolysis
CarbonUtilization,gideon_Glycerol
CarbonUtilization,gideon_D-Mannitol
CarbonUtilization,gideon_Trehalose
BiochemicalActivity,gideon_Arginine dihydrolase
CarbonUtilization,gideon_myo-Inositol
BiochemicalActivity,gideon_ONPG (beta galactosidase)
CarbonUtilization,gideon_D-Mannose
RespirationMetabolism,gideon_Glucose fermenter
RespirationMetabolism,gideon_Aerobe
RespirationMetabolism,gideon_Oxidase
BiochemicalActivity,gideon_Beta hemolysis
BiochemicalActivity,gideon_Hydrogen sulfide
Morphology,gideon_Branching filaments present
RespirationMetabolism,gideon_Facultative
BiochemicalActivity,gideon_Esculin hydrolysis
CarbonUtilization,gideon_Sucrose
CarbonUtilization,gideon_D-Sorbitol
